[
    {
        "title": "Snowboardboots",
        "link": "...",
        "price": "1999"
    },
    {
        "title": "Skidgoggles",
        "link": "...",
        "price": "699"
    },
    {
        "title": "Stavar",
        "link": "http://asdasdasdas.as",
        "price": "599"
    },
    {
        "title": "asdfsdfasdfas",
        "link": "http://sfdsfsdf.sdsd",
        "price": "499"
    },
    {
        "title": "Utbildning",
        "link": "http://mau.se",
        "price": "Gratis!"
    }
]