[
    {
        "id": 1,
        "title": "Vinterskor",
        "price": "2499",
        "link": "https://www.naturkompaniet.se/icebug-vinterkangor-herr-detour-m-bugrip-gtx-black-2064542/?sku=7310710215216",
        "prio": "1"
    },
    {
        "title": "Vinterhandskar",
        "price": "349",
        "link": "https://www.naturkompaniet.se/hestra-handskar-unisex-work-glove-iii-naturgul-2091941/?sku=7332904087980",
        "prio": "1",
        "id": 2
    },
    {
        "title": "M\u00f6ssa",
        "price": "399",
        "link": "https://www.naturkompaniet.se/fjallraven-mossa-unisex-keb-fleece-hat-dark-grey-f77374/?sku=7323450347352",
        "prio": "2",
        "id": 3
    },
    {
        "title": "Strumpor",
        "price": "199",
        "link": "https://www.naturkompaniet.se/bola-ullstrumpor-unisex-raggsocka-grey-ex0003067/?sku=7331407077771",
        "prio": "3",
        "id": 4
    }
]